Fish #,Latitude,Longitude,Length,Recap Tag#,
1,65.3889,-147.1364,256,-,
2,65.3889,-147.1364,283,-,
3,65.3889,-147.1364,302,-,
4,65.3925,-147.1486,265,-,
5,65.3925,-147.1486,282,-,
6,65.3925,-147.1486,304,-,
7,65.3925,-147.1486,254,-,
8,65.3885,-147.1364,275,-,
9,65.3885,-147.1364,265,-,
10,65.3885,-147.1364,253,-,
11,65.3885,-147.1364,252,-,
12,65.3885,-147.1364,295,-,
13,65.3918,-147.1418,251,-,
14,65.3918,-147.1418,261,-,
15,65.3922,-147.1444,275,512,
16,65.3922,-147.1444,253,-,
17,65.3923,-147.1500,307,-,
18,65.3923,-147.1500,261,-,
19,65.3923,-147.1500,255,-,
20,65.3923,-147.1500,301,-,
21,65.3901,-147.1497,252,-,
22,65.3901,-147.1497,252,-,
23,65.3901,-147.1497,283,-,
24,65.3901,-147.1497,285,-,
25,65.3901,-147.1497,290,-,
26,65.3901,-147.1497,263,-,
27,65.3901,-147.1497,392,-,
28,65.3872,-147.1530,270,-,
29,65.3872,-147.1530,262,-,
30,65.3872,-147.1530,250,-,
31,65.3939,-147.1629,279,-,
32,65.3939,-147.1629,274,-,
33,65.3939,-147.1629,251,-,
34,65.3939,-147.1629,253,-,
35,65.3939,-147.1629,252,-,
36,65.3939,-147.1629,264,-,
37,65.3963,-147.1928,266,-,
38,65.3963,-147.1928,303,-,
39,65.3963,-147.1928,251,-,
40,65.3963,-147.1928,250,-,
41,65.3963,-147.1928,251,-,
42,65.3963,-147.1928,280,-,
43,65.3963,-147.1928,288,-,
44,65.3963,-147.1928,264,-,
45,65.3963,-147.1928,269,-,
46,65.3914,-147.2286,310,-,
47,65.3914,-147.2286,291,-,
48,65.3901,-147.1497,263,-,
49,65.3901,-147.1497,256,-,
50,65.3901,-147.1497,261,-,
51,65.3901,-147.1497,258,-,
52,65.3901,-147.1497,283,-,
53,65.3901,-147.1497,257,-,
54,65.3872,-147.1530,311,-,
55,65.3872,-147.1530,259,-,
56,65.3939,-147.1629,274,-,
57,65.3939,-147.1629,333,-,
58,65.3939,-147.1629,267,-,
59,65.3939,-147.1629,255,-,
60,65.3939,-147.1629,298,-,
61,65.3939,-147.1629,318,-,
62,65.3939,-147.1629,297,-,
63,65.3939,-147.1629,271,-,
64,65.3974,-147.1931,252,-,
65,65.3876,-147.1521,255,-,
66,65.3916,-147.1734,255,-,
67,65.3927,-147.1756,333,-,
68,65.3927,-147.1756,284,-,
69,65.3927,-147.1756,365,-,
70,65.3927,-147.1756,272,-,
71,65.3927,-147.1756,250,-,
72,65.3927,-147.1756,275,-,
73,65.3927,-147.1756,313,-,
74,65.3927,-147.1756,285,-,
75,65.3955,-147.1883,272,-,
76,65.3955,-147.1883,295,-,
77,65.3955,-147.1883,260,-,
78,65.3955,-147.1883,315,-,
79,65.3955,-147.1883,290,-,
80,65.3955,-147.1883,300,-,
81,65.3955,-147.1883,304,-,
82,65.3955,-147.1883,288,-,
83,65.3974,-147.1941,272,288,
84,65.3946,-147.1848,303,-,
85,65.3946,-147.1848,353,-,
86,65.3946,-147.1848,268,-,
87,65.3946,-147.1848,292,-,
88,65.3946,-147.1848,261,-,
89,65.3946,-147.1848,334,-,
90,65.3946,-147.1848,261,-,
91,65.3946,-147.1848,334,-,
92,65.3951,-147.1869,304,-,
93,65.3951,-147.1869,259,-,
94,65.3975,-147.1943,313,-,
95,65.3957,-147.1894,252,-,
96,65.3957,-147.1894,278,-,
97,65.3957,-147.1893,283,-,
98,65.3957,-147.1893,311,-,
99,65.3963,-147.1911,255,534,
100,65.3963,-147.1911,256,-,
101,65.3963,-147.1911,273,-,
102,65.3963,-147.1911,250,-,
103,65.3975,-147.1943,313,-,
104,65.3973,-147.1978,278,-,
105,65.3953,-147.2004,301,-,
106,65.3944,-147.2030,254,-,
107,65.3942,-147.2057,289,-,
108,65.3942,-147.2057,268,-,
109,65.3942,-147.2057,287,-,
110,65.3914,-147.2286,255,287,
111,65.3902,-147.2467,291,-,
112,65.3894,-147.1509,360,-,
113,65.3894,-147.1509,318,-,
114,65.3951,-147.1995,322,-,
115,65.3943,-147.2046,285,-,
116,65.3943,-147.2046,261,-,
117,65.3945,-147.2051,291,-,
118,65.3945,-147.2051,260,-,
119,65.3945,-147.2051,287,-,
120,65.3945,-147.2051,305,-,
121,65.3940,-147.2090,270,-,
122,65.3936,-147.2138,258,-,
123,65.3936,-147.2138,265,-,
124,65.3918,-147.2241,260,-,
125,65.3918,-147.2241,265,-,
126,65.3918,-147.2241,275,-,
127,65.3918,-147.2241,260,-,
128,65.3918,-147.2241,292,-,
129,65.3918,-147.2241,259,-,
130,65.3918,-147.2241,252,-,
131,65.3915,-147.2273,318,-,
132,65.3915,-147.2273,261,-,
133,65.3915,-147.2273,290,291,
134,65.3915,-147.2273,254,-,
135,65.3915,-147.2273,265,-,
136,65.3901,-147.2348,281,-,
137,65.3901,-147.2348,277,-,
138,65.3900,-147.2378,251,-,
139,65.3900,-147.2378,266,-,
140,65.3902,-147.2393,261,-,
141,65.3902,-147.2393,250,-,
142,65.3902,-147.2393,263,-,
143,65.3907,-147.2400,260,-,
144,65.3907,-147.2400,251,-,
145,65.3920,-147.2423,289,-,
146,65.3920,-147.2423,255,-,
147,65.3920,-147.2423,254,-,
148,65.3920,-147.2423,253,-,
149,65.3905,-147.2467,280,-,
150,65.3905,-147.2467,260,-,
151,65.3905,-147.2467,303,-,
152,65.3905,-147.2467,262,-,
153,65.3905,-147.2467,263,-,
154,65.3905,-147.2467,270,-,
155,65.3880,-147.2440,269,-,
156,65.3880,-147.2440,278,-,
157,65.3880,-147.2440,274,-,
158,65.3880,-147.2440,305,-,
159,65.3864,-147.2536,309,-,
160,65.3864,-147.2536,270,-,
161,65.3864,-147.2536,292,-,
162,65.3864,-147.2536,252,-,
163,65.3927,-147.2922,380,-,
164,65.3927,-147.2922,324,-,
165,65.3927,-147.2922,300,-,
166,65.3927,-147.2922,296,-,
167,65.3928,-147.2943,288,-,
168,65.3951,-147.2990,270,-,
169,65.3951,-147.2990,275,-,
170,65.3951,-147.2990,320,-,
171,65.3951,-147.2990,310,-,
172,65.3951,-147.2990,285,-,
173,65.3951,-147.2990,278,-,
174,65.3951,-147.2990,267,-,
175,65.3951,-147.2990,285,-,
176,65.3951,-147.2990,264,-,
177,65.3951,-147.2990,250,-,
178,65.3951,-147.2990,312,-,
179,65.3913,-147.3115,324,-,
180,65.3913,-147.3115,262,-,
181,65.3913,-147.3115,278,-,
182,65.3911,-147.3216,255,-,
183,65.3910,-147.3229,302,-,
184,65.3910,-147.3229,295,-,
185,65.3908,-147.3240,336,-,
186,65.3908,-147.3240,275,-,
187,65.3936,-147.2897,310,-,
188,65.3936,-147.2897,297,-,
189,65.3936,-147.2897,364,-,
190,65.3936,-147.2897,265,-,
191,65.3936,-147.2897,327,-,
192,65.3930,-147.2928,308,-,
193,65.3930,-147.2928,292,-,
194,65.3930,-147.2928,279,-,
195,65.3930,-147.2928,282,-,
196,65.3930,-147.2928,271,304,
197,65.3930,-147.2928,263,-,
198,65.3930,-147.2928,306,-,
199,65.3946,-147.3025,267,-,
200,65.3946,-147.3025,266,-,
201,65.3946,-147.3025,310,-,
202,65.3946,-147.3025,264,-,
203,65.3917,-147.3093,263,-,
204,65.3917,-147.3093,258,-,
205,65.3917,-147.3093,268,-,
206,65.3917,-147.3093,344,-,
207,65.3917,-147.3093,291,-,
208,65.3917,-147.3093,261,-,
209,65.3907,-147.3125,301,-,
210,65.3904,-147.3244,270,-,
211,65.3904,-147.3244,255,-,
212,65.3904,-147.3244,351,-,
213,65.3866,-147.2607,285,-,
214,65.3865,-147.2620,250,-,
215,65.3862,-147.2638,253,33,
216,65.3862,-147.2638,270,-,
217,65.3859,-147.2716,251,-,
218,65.3873,-147.2733,290,-,
219,65.3873,-147.2733,270,-,
220,65.3881,-147.2755,310,-,
221,65.3881,-147.2755,295,-,
222,65.3872,-147.2820,291,-,
223,65.3872,-147.2820,293,-,
224,65.3872,-147.2820,269,-,
225,65.3872,-147.2820,322,-,
226,65.3892,-147.2860,252,-,
227,65.3918,-147.2914,281,-,
228,65.3888,-147.3249,280,-,
229,65.3889,-147.3235,270,578,
230,65.3889,-147.3235,300,-,
231,65.3889,-147.3235,250,-,
232,65.3889,-147.3235,261,-,
233,65.3877,-147.3219,276,-,
234,65.3877,-147.3219,290,-,
235,65.3877,-147.3219,272,-,
236,65.3877,-147.3219,299,-,
237,65.3877,-147.3219,295,-,
238,65.3877,-147.3219,271,-,
239,65.3877,-147.3219,265,-,
240,65.3877,-147.3219,264,-,
241,65.3877,-147.3219,265,320,
242,65.3863,-147.3216,270,589,
243,65.3852,-147.3229,252,-,
244,65.3852,-147.3229,250,-,
245,65.3852,-147.3229,295,-,
246,65.3846,-147.3306,256,-,
247,65.3846,-147.3306,267,-,
248,65.3846,-147.3306,258,-,
249,65.3846,-147.3306,287,-,
250,65.3846,-147.3306,327,-,
251,65.3846,-147.3306,300,-,
252,65.3846,-147.3306,269,-,
253,65.3846,-147.3306,291,-,
254,65.3840,-147.3346,250,-,
255,65.3840,-147.3346,265,-,
256,65.3840,-147.3346,265,-,
257,65.3840,-147.3346,253,-,
258,65.3840,-147.3346,285,-,
259,65.3840,-147.3346,253,-,
260,65.3840,-147.3346,275,-,
261,65.3840,-147.3346,301,-,
262,65.3840,-147.3346,251,-,
263,65.3840,-147.3346,255,-,
264,65.3840,-147.3346,252,-,
265,65.3840,-147.3346,290,-,
266,65.3840,-147.3346,273,-,
267,65.3840,-147.3346,279,-,
268,65.3874,-147.2448,288,-,
269,65.3874,-147.2448,254,-,
270,65.3874,-147.2448,311,-,
271,65.3874,-147.2448,279,-,
272,65.3874,-147.2448,276,-,
273,65.3874,-147.2448,285,-,
274,65.3874,-147.2448,364,-,
275,65.3874,-147.2448,313,-,
276,65.3874,-147.2448,293,-,
277,65.3874,-147.2448,292,-,
278,65.3874,-147.2448,326,-,
279,65.3874,-147.2448,251,-,
280,65.3865,-147.2526,321,-,
281,65.3865,-147.2526,273,-,
282,65.3865,-147.2526,260,-,
283,65.3865,-147.2526,251,-,
284,65.3865,-147.2526,303,300,
285,65.3865,-147.2526,264,-,
286,65.3861,-147.2653,291,-,
287,65.3861,-147.2653,250,-,
288,65.3861,-147.2653,262,-,
289,65.3861,-147.2653,295,-,
290,65.3861,-147.2653,272,-,
291,65.3861,-147.2653,268,-,
292,65.3861,-147.2653,272,-,
293,65.3861,-147.2653,254,-,
294,65.3930,-147.3058,252,-,
295,65.3930,-147.3058,273,-,
296,65.3930,-147.3058,328,-,
297,65.3930,-147.3058,285,-,
298,65.3930,-147.3058,270,-,
299,65.3930,-147.3058,254,-,
300,65.3930,-147.3058,361,-,
301,65.3930,-147.3058,302,-,
302,65.3930,-147.3058,272,-,
303,65.3929,-147.3084,280,-,
304,65.3929,-147.3084,305,-,
305,65.3929,-147.3084,330,-,
306,65.3929,-147.3084,326,-,
307,65.3929,-147.3084,280,-,
308,65.3929,-147.3084,297,-,
309,65.3929,-147.3084,262,-,
310,65.3910,-147.3109,328,-,
311,65.3910,-147.3109,300,-,
312,65.3910,-147.3109,289,-,
313,65.3910,-147.3109,315,-,
314,65.3910,-147.3109,326,-,
315,65.3910,-147.3109,278,-,
316,65.3910,-147.3109,353,-,
317,65.3910,-147.3109,266,-,
318,65.3904,-147.3242,259,-,
319,65.3904,-147.3242,273,-,
320,65.3904,-147.3242,290,-,
321,65.3904,-147.3242,312,-,
322,65.3904,-147.3242,274,-,
323,65.3891,-147.2736,264,-,
324,65.3891,-147.2736,302,-,
325,65.3891,-147.2736,254,-,
326,65.3891,-147.2736,268,-,
327,65.3891,-147.2736,275,-,
328,65.3874,-147.2842,273,-,
329,65.3874,-147.2842,251,-,
330,65.3874,-147.2842,309,-,
331,65.3896,-147.2877,282,-,
332,65.3883,-147.3250,312,-,
333,65.3883,-147.3250,293,-,
334,65.3883,-147.3250,274,-,
335,65.3883,-147.3250,292,-,
336,65.3883,-147.3250,273,-,
337,65.3883,-147.3250,294,-,
338,65.3883,-147.3250,314,-,
339,65.3883,-147.3250,251,-,
340,65.3883,-147.3250,300,-,
341,65.3868,-147.3211,313,-,
342,65.3868,-147.3211,296,-,
343,65.3868,-147.3211,293,-,
344,65.3868,-147.3211,281,-,
345,65.3843,-147.3306,253,-,
346,65.3843,-147.3306,251,-,
347,65.3843,-147.3306,337,-,
348,65.3843,-147.3306,250,-,
349,65.3842,-147.3648,278,-,
350,65.3842,-147.3648,300,-,
351,65.3826,-147.3646,274,-,
352,65.3826,-147.3646,323,-,
353,65.3826,-147.3646,282,-,
354,65.3789,-147.3621,325,-,
355,65.3784,-147.3701,316,-,
356,65.3784,-147.3701,297,-,
357,65.3784,-147.3701,252,-,
358,65.3784,-147.3701,298,-,
359,65.3824,-147.3771,353,-,
360,65.3824,-147.3771,283,-,
361,65.3824,-147.3771,251,-,
362,65.3824,-147.3771,305,-,
363,65.3824,-147.3771,280,Recap,"Fish got away, before recording tag, but a recap."
364,65.3824,-147.3771,285,-,
365,65.3824,-147.3771,273,-,
366,65.3858,-147.3761,255,-,
367,65.3858,-147.3761,265,-,
368,65.3853,-147.3524,330,-,
369,65.3853,-147.3524,266,97,
370,65.3853,-147.3524,282,-,
371,65.3853,-147.3524,284,-,
372,65.3853,-147.3524,266,-,
373,65.3853,-147.3642,276,113,
374,65.3853,-147.3642,262,115,
375,65.3853,-147.3642,327,-,
376,65.3853,-147.3642,250,-,
377,65.3853,-147.3642,307,-,
378,65.3853,-147.3642,313,-,
379,65.3853,-147.3646,260,-,
380,65.3853,-147.3646,304,-,
381,65.3853,-147.3646,257,-,
382,65.3853,-147.3646,278,-,
383,65.3853,-147.3646,350,-,
384,65.3853,-147.3646,311,-,
385,65.3807,-147.3628,285,-,
386,65.3807,-147.3628,284,-,
387,65.3807,-147.3628,293,-,
388,65.3807,-147.3628,272,-,
389,65.3807,-147.3628,300,-,
390,65.3793,-147.3619,292,-,
391,65.3793,-147.3619,272,-,
392,65.3793,-147.3619,290,-,
393,65.3827,-147.3755,280,-,
394,65.3782,-147.3661,251,-,
395,65.3782,-147.3661,273,-,
396,65.3782,-147.3661,281,-,
397,65.3782,-147.3661,316,-,
398,65.3782,-147.3661,268,-,
399,65.3782,-147.3661,307,-,
400,65.3782,-147.3708,311,-,
401,65.3782,-147.3708,257,117,
402,65.3782,-147.3708,258,-,
403,65.3829,-147.3734,321,-,
404,65.3829,-147.3734,278,-,
405,65.3829,-147.3734,265,-,
406,65.3829,-147.3734,292,-,
407,65.3829,-147.3734,270,-,
408,65.3829,-147.3734,287,-,
409,65.3829,-147.3734,298,-,
410,65.3829,-147.3734,284,-,
411,65.3829,-147.3734,254,-,
412,65.3829,-147.3734,271,-,
413,65.3857,-147.3754,262,-,
414,65.3857,-147.3760,256,-,
415,65.3794,-147.3589,265,-,
416,65.3794,-147.3589,255,-,
417,65.3784,-147.3636,261,-,
418,65.3784,-147.3636,251,-,
419,65.3784,-147.3636,252,-,
420,65.3784,-147.3636,256,-,
421,65.3784,-147.3636,261,-,
422,65.3784,-147.3636,267,-,
423,65.3784,-147.3636,253,-,
424,65.3784,-147.3636,254,-,
425,65.3784,-147.3636,254,-,
426,65.3784,-147.3636,259,-,
427,65.3784,-147.3636,251,-,
428,65.3784,-147.3636,252,-,
429,65.3784,-147.3636,266,-,
430,65.3785,-147.3633,269,-,
431,65.3785,-147.3633,285,-,
432,65.3785,-147.3633,252,-,
433,65.3855,-147.3752,266,-,
434,65.3855,-147.3752,261,-,
435,65.3855,-147.3752,252,-,
436,65.3855,-147.3752,260,-,
437,65.3855,-147.3752,274,-,
438,65.3855,-147.3752,276,-,
439,65.3860,-147.3778,251,-,
440,65.3860,-147.3778,255,-,
441,65.3860,-147.3778,257,-,
442,65.3860,-147.3778,253,-,
443,65.3860,-147.3778,255,-,
444,65.3860,-147.3778,276,-,
445,65.3831,-147.3364,274,-,
446,65.3831,-147.3364,278,-,
447,65.3831,-147.3364,285,-,
448,65.3831,-147.3364,303,-,
449,65.3831,-147.3364,264,-,
450,65.3831,-147.3364,311,64,
451,65.3831,-147.3364,329,-,
452,65.3831,-147.3321,251,-,
453,65.3831,-147.3321,292,-,
454,65.3831,-147.3321,325,-,
455,65.3831,-147.3321,278,-,
456,65.3831,-147.3321,258,-,
457,65.3831,-147.3321,315,-,
458,65.3839,-147.3329,250,-,
459,65.3839,-147.3329,319,-,
460,65.3839,-147.3329,263,-,
461,65.3839,-147.3329,271,-,
462,65.3839,-147.3329,268,-,
463,65.3839,-147.3329,365,-,
464,65.3839,-147.3329,252,-,
465,65.3839,-147.3329,342,-,
466,65.3839,-147.3329,254,-,
467,65.3839,-147.3329,310,-,
468,65.3839,-147.3329,263,-,
469,65.3839,-147.3329,269,-,
470,65.3839,-147.3329,283,-,
471,65.3839,-147.3329,324,-,
472,65.3839,-147.3329,254,-,
473,65.3839,-147.3329,257,-,
474,65.3839,-147.3329,281,-,
475,65.3839,-147.3329,273,-,
476,65.3839,-147.3329,264,-,
477,65.3839,-147.3329,372,-,
478,65.3839,-147.3329,263,-,
479,65.3831,-147.3363,305,-,
480,65.3831,-147.3363,295,-,
481,65.3828,-147.3433,286,-,
482,65.3828,-147.3433,263,-,
483,65.3828,-147.3433,311,-,
484,65.3828,-147.3433,268,-,
485,65.3828,-147.3433,263,-,
486,65.3828,-147.3433,274,-,
487,65.3828,-147.3433,268,-,
488,65.3854,-147.3521,262,-,
489,65.3854,-147.3521,286,-,
490,65.3854,-147.3521,296,-,
491,65.3854,-147.3521,293,-,
492,65.3854,-147.3521,311,-,
493,65.3854,-147.3521,316,-,
494,65.3854,-147.3521,274,-,
495,65.3854,-147.3521,310,-,
496,65.3854,-147.3521,265,-,
497,65.3790,-147.3872,279,-,
498,65.3845,-147.3938,258,-,
499,65.3845,-147.3938,295,-,
500,65.3845,-147.3938,294,350,
501,65.3845,-147.3938,250,-,
502,65.3845,-147.3938,280,-,
503,65.3845,-147.3938,276,-,
504,65.3845,-147.3938,254,-,
505,65.3845,-147.3938,333,-,
506,65.3845,-147.3938,260,-,
507,65.3845,-147.3938,252,-,
508,65.3845,-147.3938,250,-,
509,65.3845,-147.3938,258,-,
510,65.3876,-147.3987,255,-,
511,65.3876,-147.3987,250,-,
512,65.3876,-147.3987,250,-,
513,65.3876,-147.3987,266,-,
514,65.3876,-147.3987,324,-,
515,65.3876,-147.3987,253,-,
516,65.3871,-147.4044,262,-,
517,65.3865,-147.4050,298,-,
518,65.3865,-147.4050,280,-,
519,65.3846,-147.4059,295,-,
520,65.3846,-147.4059,272,-,
521,65.3846,-147.4059,270,-,
522,65.3846,-147.4059,260,-,
523,65.3846,-147.4059,262,-,
524,65.3807,-147.4045,292,-,
525,65.3807,-147.4045,252,-,
526,65.3807,-147.4045,250,-,
527,65.3807,-147.4045,268,-,
528,65.3807,-147.4045,255,-,
529,65.3807,-147.4045,264,-,
530,65.3855,-147.3936,432,-,
531,65.3855,-147.3936,287,-,
532,65.3855,-147.3936,291,-,
533,65.3877,-147.4013,332,-,
534,65.3877,-147.4013,274,-,
535,65.3877,-147.4013,268,-,
536,65.3877,-147.4013,258,-,
537,65.3852,-147.4060,279,-,
538,65.3852,-147.4060,278,-,
539,65.3852,-147.4060,263,-,
540,65.3852,-147.4060,301,-,
541,65.3842,-147.4051,318,-,
542,65.3842,-147.4051,256,-,
543,65.3842,-147.4051,297,-,
544,65.3842,-147.4051,314,-,
545,65.3803,-147.4083,285,-,
546,65.3803,-147.4083,275,-,
547,65.3797,-147.4129,256,-,
548,65.3814,-147.4193,282,-,
549,65.3793,-147.4458,254,-,
550,65.3770,-147.4471,342,-,
551,65.3880,-147.3822,282,-,
552,65.3880,-147.3822,273,-,
553,65.3880,-147.3822,276,-,
554,65.3880,-147.3822,295,-,
555,65.3880,-147.3822,280,-,
556,65.3880,-147.3822,250,-,
557,65.3880,-147.3822,294,-,
558,65.3880,-147.3822,264,-,
559,65.3880,-147.3822,287,-,
560,65.3880,-147.3822,250,-,
561,65.3837,-147.3843,262,-,
562,65.3837,-147.3843,264,-,
563,65.3837,-147.3843,252,-,
564,65.3837,-147.3843,256,-,
565,65.3837,-147.3843,310,-,
566,65.3837,-147.3843,283,-,
567,65.3814,-147.3833,322,-,
568,65.3814,-147.3833,275,-,
569,65.3814,-147.3833,312,-,
570,65.3814,-147.3833,282,343,
571,65.3814,-147.3833,294,-,
572,65.3814,-147.3833,330,-,
573,65.3814,-147.3833,251,-,
574,65.3814,-147.3833,274,-,
575,65.3814,-147.3833,273,-,
576,65.3814,-147.3833,264,-,
577,65.3814,-147.3833,282,-,
578,65.3814,-147.3833,327,-,
579,65.3792,-147.3886,290,-,
580,65.3792,-147.3886,293,-,
581,65.3792,-147.3886,262,-,
582,65.3792,-147.3886,352,-,
583,65.3792,-147.3886,261,-,
584,65.3792,-147.3886,314,-,
585,65.3802,-147.3914,311,-,
586,65.3802,-147.3914,307,-,
587,65.3802,-147.3914,251,-,
588,65.3802,-147.3914,307,-,
589,65.3802,-147.3914,250,-,
590,65.3802,-147.3914,284,-,
591,65.3802,-147.3914,271,-,
592,65.3802,-147.3914,254,-,
593,65.3802,-147.3914,297,-,
594,65.3819,-147.4217,262,-,
595,65.3819,-147.4217,253,-,
596,65.3812,-147.4419,298,-,
597,65.3812,-147.4419,259,-,
598,65.3812,-147.4419,272,-,
599,65.3812,-147.4419,307,618,
600,65.3820,-147.4227,250,120,
601,65.3818,-147.4252,259,-,
602,65.3818,-147.4252,308,-,
603,65.3814,-147.4264,306,-,
604,65.3803,-147.4285,301,-,
605,65.3803,-147.4285,272,-,
606,65.3803,-147.4285,258,-,
607,65.3803,-147.4285,273,-,
608,65.3803,-147.4285,251,-,
609,65.3796,-147.4289,256,-,
610,65.3796,-147.4289,254,-,
611,65.3796,-147.4289,310,-,
612,65.3796,-147.4289,276,-,
613,65.3796,-147.4289,269,-,
614,65.3787,-147.4286,265,-,
615,65.3787,-147.4286,277,-,
616,65.3787,-147.4286,285,-,
617,65.3787,-147.4286,264,-,
618,65.3787,-147.4286,284,-,
619,65.3785,-147.4213,280,-,
620,65.3785,-147.4213,252,-,
621,65.3785,-147.4213,251,Recap?,"Not sure if we should keep or toss.  There was no secondary fin clip, but a needle was found in the fish.  I kinda sorta remember someone mentioning that this happened, but don't remember who or where."
622,65.3785,-147.4213,288,-,
623,65.3785,-147.4213,250,-,
624,65.3785,-147.4213,251,-,
625,65.3785,-147.4213,255,135,
626,65.3785,-147.4213,292,-,
627,65.3785,-147.4213,251,128,
628,65.3785,-147.4213,252,-,
629,65.3785,-147.4213,255,-,
630,65.3777,-147.4330,251,-,
631,65.3777,-147.4330,305,-,
632,65.3777,-147.4330,252,-,
633,65.3777,-147.4330,285,-,
634,65.3777,-147.4330,264,-,
635,65.3777,-147.4330,258,-,
636,65.3779,-147.4366,260,-,
637,65.3779,-147.4366,254,-,
638,65.3779,-147.4366,252,-,
639,65.3779,-147.4366,250,-,
640,65.3810,-147.4403,251,266,
641,65.3806,-147.4462,267,-,
642,65.3806,-147.4462,278,-,
643,65.3775,-147.4460,270,-,
644,65.3775,-147.4460,255,-,
645,65.3775,-147.4460,276,-,
646,65.3775,-147.4460,274,-,
647,65.3775,-147.4460,286,-,
648,65.3784,-147.4627,267,-,
649,65.3780,-147.4703,252,-,
650,65.3772,-147.4776,332,-,
651,65.3772,-147.4776,250,-,
652,65.3754,-147.4762,294,-,
653,65.3754,-147.4762,295,-,
654,65.3754,-147.4762,278,-,
655,65.3754,-147.4762,324,-,
656,65.3754,-147.4762,256,-,
657,65.3754,-147.4762,252,-,
658,65.3754,-147.4762,335,-,
659,65.3742,-147.4984,300,-,
660,65.3742,-147.4984,274,-,
661,65.3742,-147.4984,255,-,
662,65.3742,-147.4984,274,-,
663,65.3742,-147.4984,268,-,
664,65.3742,-147.4984,267,-,
665,65.3773,-147.4867,296,-,
666,65.3773,-147.4867,275,-,
667,65.3773,-147.4867,278,-,
668,65.3773,-147.4867,295,-,
669,65.3773,-147.4867,292,-,
670,65.3773,-147.4867,285,-,
671,65.3773,-147.4867,265,-,
672,65.3773,-147.4867,276,-,
673,65.3773,-147.4867,293,-,
674,65.3773,-147.4867,251,-,
675,65.3773,-147.4867,256,-,
676,65.3773,-147.4867,300,-,
677,65.3773,-147.4867,286,-,
678,65.3773,-147.4867,252,-,
679,65.3773,-147.4867,272,-,
680,65.3773,-147.4867,256,-,
681,65.3785,-147.4871,250,-,
682,65.3785,-147.4871,279,-,
683,65.3785,-147.4871,285,-,
684,65.3785,-147.4871,315,-,
685,65.3785,-147.4871,255,-,
686,65.3814,-147.4862,311,-,
687,65.3814,-147.4862,282,-,
688,65.3814,-147.4862,320,-,
689,65.3817,-147.4901,295,-,
690,65.3817,-147.4901,292,-,
691,65.3817,-147.4901,273,-,
692,65.3817,-147.4901,272,-,
693,65.3817,-147.4901,274,-,
694,65.3817,-147.4901,255,-,
695,65.3817,-147.4901,264,-,
696,65.3817,-147.4901,278,-,
697,65.3817,-147.4901,294,-,
698,65.3817,-147.4901,290,-,
699,65.3817,-147.4901,288,-,
700,65.3817,-147.4901,254,-,
701,65.3817,-147.4901,265,-,
702,65.3778,-147.4940,270,-,
703,65.3778,-147.4940,272,-,
704,65.3778,-147.4940,271,-,
705,65.3778,-147.4940,311,-,
706,65.3778,-147.4940,263,-,
707,65.3778,-147.4940,275,-,
708,65.3781,-147.5026,260,-,
709,65.3767,-147.4748,257,-,
710,65.3767,-147.4748,265,-,
711,65.3767,-147.4748,270,-,
712,65.3767,-147.4748,260,-,
713,65.3767,-147.4748,295,-,
714,65.3767,-147.4748,304,-,
715,65.3767,-147.4748,278,-,
716,65.3767,-147.4748,253,-,
717,65.3767,-147.4748,251,-,
718,65.3767,-147.4748,287,-,
719,65.3767,-147.4748,280,-,
720,65.3767,-147.4748,279,-,
721,65.3767,-147.4748,259,-,
722,65.3767,-147.4748,297,-,
723,65.3767,-147.4748,320,-,
724,65.3767,-147.4748,253,-,
725,65.3770,-147.4745,313,-,
726,65.3770,-147.4745,265,-,
727,65.3770,-147.4745,292,-,
728,65.3770,-147.4745,260,-,
729,65.3770,-147.4745,338,-,
730,65.3770,-147.4745,310,-,
731,65.3770,-147.4745,281,-,
732,65.3770,-147.4745,250,-,
733,65.3814,-147.4856,286,-,
734,65.3814,-147.4856,285,275,
735,65.3814,-147.4856,279,-,
736,65.3814,-147.4856,288,-,
737,65.3814,-147.4856,340,-,
738,65.3818,-147.4897,278,-,
739,65.3818,-147.4897,297,-,
740,65.3818,-147.4897,283,-,
741,65.3818,-147.4897,251,-,
742,65.3818,-147.4897,287,-,
743,65.3799,-147.4927,309,-,
744,65.3777,-147.4947,253,-,
745,65.3777,-147.4947,286,-,
746,65.3777,-147.4947,258,-,
747,65.3777,-147.4947,260,-,
748,65.3777,-147.4947,288,-,
749,65.3777,-147.4947,251,-,
750,65.3777,-147.4947,250,-,
751,65.3775,-147.4962,250,-,
752,65.3775,-147.4962,262,-,
753,65.3775,-147.4962,257,-,
754,65.3780,-147.5022,271,-,
755,65.3780,-147.5022,266,-,
756,65.3780,-147.5022,275,-,
757,65.3780,-147.5022,303,-,
758,65.3780,-147.5022,268,-,
759,65.3754,-147.4560,250,-,
760,65.3754,-147.4560,264,-,
761,65.3813,-147.5078,250,-,
762,65.3813,-147.5078,265,-,
763,65.3813,-147.5078,255,159,
764,65.3813,-147.5078,285,-,
765,65.3813,-147.5078,289,-,
766,65.3813,-147.5078,281,-,
767,65.3813,-147.5078,290,-,
768,65.3813,-147.5078,269,-,
769,65.3813,-147.5078,284,-,
770,65.3813,-147.5078,260,-,
771,65.3813,-147.5078,271,-,
772,65.3825,-147.5102,302,-,
773,65.3825,-147.5102,282,-,
774,65.3825,-147.5102,316,-,
775,65.3825,-147.5102,290,-,
776,65.3820,-147.5105,261,-,
777,65.3820,-147.5105,295,-,
778,65.3816,-147.5138,255,-,
779,65.3816,-147.5138,285,-,
780,65.3816,-147.5138,255,-,
781,65.3816,-147.5138,272,-,
782,65.3816,-147.5138,280,-,
783,65.3816,-147.5138,266,-,
784,65.3816,-147.5151,258,-,
785,65.3816,-147.5151,261,-,
786,65.3816,-147.5151,270,-,
787,65.3816,-147.5151,268,-,
788,65.3814,-147.5157,311,-,
789,65.3814,-147.5157,258,-,
790,65.3814,-147.5157,255,-,
791,65.3814,-147.5157,300,-,
792,65.3814,-147.5157,250,-,
793,65.3814,-147.5157,285,-,
794,65.3814,-147.5157,251,-,
795,65.3814,-147.5157,265,-,
796,65.3814,-147.5157,285,-,
797,65.3814,-147.5157,256,-,
798,65.3814,-147.5157,269,-,
799,65.3814,-147.5157,252,-,
800,65.3814,-147.5157,295,-,
801,65.3814,-147.5157,338,-,
802,65.3788,-147.5114,300,-,
803,65.3788,-147.5114,295,168,
804,65.3788,-147.5114,262,-,
805,65.3781,-147.5115,250,-,
806,65.3781,-147.5115,260,-,
807,65.3770,-157.5127,279,-,
808,65.3770,-157.5127,270,-,
809,65.3770,-157.5127,265,-,
810,65.3770,-157.5127,261,-,
811,65.3770,-147.5127,268,-,
812,65.3770,-147.5127,256,-,
813,65.3770,-147.5127,295,-,
814,65.3770,-147.5127,260,176,
815,65.3770,-147.5127,252,-,
816,65.3792,-147.5226,278,-,
817,65.3792,-147.5226,258,-,
818,65.3792,-147.5226,294,188,
819,65.3792,-147.5226,308,-,
820,65.3792,-147.5226,278,-,
821,65.3792,-147.5226,260,-,
822,65.3792,-147.5226,279,182,
823,65.3792,-147.5226,300,-,
824,65.3792,-147.5226,273,-,
825,65.3792,-147.5226,320,-,
826,65.3792,-147.5226,334,179,
827,65.3792,-147.5226,293,-,
828,65.3792,-147.5226,284,-,
829,65.3792,-147.5226,290,-,
830,65.3792,-147.5226,294,-,
831,65.3792,-147.5226,260,-,
832,65.3792,-147.5226,257,-,
833,65.3781,-147.5248,275,-,
834,65.3781,-147.5248,255,-,
835,65.3766,-147.5252,268,-,
836,65.3766,-147.5252,265,-,
837,65.3766,-147.5252,265,-,
838,65.3766,-147.5252,262,-,
839,65.3766,-147.5252,252,-,
840,65.3766,-147.5252,292,-,
841,65.3761,-147.5263,251,-,
842,65.3761,-147.5263,310,-,
843,65.3761,-147.5263,255,-,
844,65.3761,-147.5263,258,-,
845,65.3761,-147.5263,261,-,
846,65.3767,-147.5280,275,-,
847,65.3767,-147.5280,260,-,
848,65.3767,-147.5280,257,-,
849,65.3767,-147.5280,294,-,
850,65.3768,-147.5280,265,-,
851,65.3768,-147.5280,253,-,
852,65.3768,-147.5280,266,-,
853,65.3768,-147.5280,271,-,
854,65.3768,-147.5280,288,-,
855,65.3768,-147.5280,270,-,
856,65.3768,-147.5280,270,-,
857,65.3768,-147.5280,256,-,
858,65.3768,-147.5280,283,-,
859,65.3753,-147.4543,259,-,
860,65.3753,-147.4543,267,-,
861,65.3753,-147.4543,288,-,
862,65.3753,-147.4543,282,-,
863,65.3753,-147.4543,261,-,
864,65.3753,-147.4543,264,-,
865,65.3753,-147.4543,256,-,
866,65.3753,-147.4543,270,233,
867,65.3753,-147.4543,261,-,
868,65.3753,-147.4543,269,-,
869,65.3753,-147.4543,276,-,
870,65.3753,-147.4543,265,-,
871,65.3753,-147.4543,265,-,
872,65.3753,-147.4543,272,-,
873,65.3753,-147.4543,288,-,
874,65.3753,-147.4543,266,-,
875,65.3753,-147.4543,287,-,
876,65.3753,-147.4543,287,-,
877,65.3753,-147.4543,255,-,
878,65.3753,-147.4543,288,-,
879,65.3753,-147.4543,286,-,
880,65.3753,-147.4543,255,-,
881,65.3753,-147.4543,279,-,
882,65.3753,-147.4543,262,-,
883,65.3753,-147.4543,276,-,
884,65.3753,-147.4543,253,-,
885,65.3753,-147.4543,316,-,
886,65.3753,-147.4543,323,-,
887,65.3753,-147.4543,308,-,
888,65.3753,-147.4543,363,627,
889,65.3753,-147.4543,270,-,
890,65.3753,-147.4543,251,-,
891,65.3753,-147.4543,279,-,
892,65.3753,-147.4543,263,-,
893,65.3753,-147.4543,297,-,
894,65.3753,-147.4543,272,-,
895,65.3753,-147.4543,280,-,
896,65.3753,-147.4543,300,-,
897,65.3753,-147.4543,345,-,
898,65.3753,-147.4543,313,-,
899,65.3753,-147.4543,284,-,
900,65.3753,-147.4543,325,-,
901,65.3753,-147.4543,268,-,
902,65.3753,-147.4543,310,-,
903,65.3753,-147.4543,280,-,
904,65.3753,-147.4543,324,-,
905,65.3770,-147.4695,280,-,
906,65.3770,-147.4695,282,-,
907,65.3770,-147.4695,281,-,
908,65.3770,-147.4695,266,-,
909,65.3770,-147.4695,340,-,
910,65.3770,-147.4695,302,-,
911,65.3770,-147.4695,279,-,
912,65.3770,-147.4695,308,-,
913,65.3770,-147.4695,278,-,
914,65.3770,-147.4695,258,-,
915,65.3763,-147.4559,254,-,
916,65.3763,-147.4559,305,-,
917,65.3763,-147.4559,255,-,
918,65.3763,-147.4559,287,-,
919,65.3763,-147.4559,311,-,
920,65.3763,-147.4559,362,-,
921,65.3763,-147.4559,272,-,
922,65.3763,-147.4559,284,-,
923,65.3758,-147.4595,294,-,
924,65.3758,-147.4595,296,-,
925,65.3758,-147.4595,336,-,
926,65.3758,-147.4595,261,-,
927,65.3758,-147.4595,253,-,
928,65.3758,-147.4595,278,-,
929,65.3758,-147.4595,284,-,
930,65.3758,-147.4595,277,-,
931,65.3758,-147.4595,279,-,
932,65.3786,-147.4608,294,-,
933,65.3786,-147.4608,272,-,
934,65.3786,-147.4608,301,-,
935,65.3786,-147.4608,312,-,
936,65.3786,-147.4608,290,-,
937,65.3786,-147.4608,309,-,
938,65.3786,-147.4608,290,-,
939,65.3786,-147.4608,319,-,
940,65.3786,-147.4608,264,-,
941,65.3774,-147.4968,252,-,
942,65.3774,-147.4968,286,-,
943,65.3774,-147.4968,253,-,
944,65.3780,-147.5038,263,-,
945,65.3780,-147.5038,255,-,
946,65.3789,-147.4919,292,-,
947,65.3789,-147.4919,274,-,
948,65.3789,-147.4919,261,-,
949,65.3776,-147.5008,278,-,
950,65.3776,-147.5008,315,-,
951,65.3776,-147.5008,305,-,
952,65.3776,-147.5008,263,-,
953,65.3768,-147.5290,269,-,
954,65.3816,-147.5365,290,-,
955,65.3816,-147.5365,256,-,
956,65.3803,-147.5574,256,-,
957,65.3803,-147.5574,250,-,
958,65.3839,-147.5693,261,-,
959,65.3839,-147.5693,270,-,
960,65.3839,-147.5693,270,-,
961,65.3839,-147.5693,262,-,
962,65.3839,-147.5693,264,-,
963,65.3839,-147.5693,270,-,
964,65.3839,-147.5693,270,-,
965,65.3839,-147.5693,274,-,
966,65.3845,-147.5754,250,-,
967,65.3845,-147.5754,274,-,
968,65.3845,-147.5754,285,-,
969,65.3845,-147.5754,251,-,
970,65.3845,-147.5754,255,-,
971,65.3845,-147.5754,281,-,
972,65.3845,-147.5754,295,-,
973,65.3845,-147.5754,293,-,
974,65.3845,-147.5754,258,-,
975,65.3829,-147.5827,265,-,
976,65.3829,-147.5827,310,-,
977,65.3829,-147.5827,270,-,
978,65.3829,-147.5827,266,-,
979,65.3829,-147.5827,269,-,
980,65.3829,-147.5827,265,-,
981,65.3829,-147.5827,318,-,
982,65.3829,-147.5827,358,-,
983,65.3842,-147.5883,270,-,
984,65.3842,-147.5883,291,-,
985,65.3842,-147.5883,260,-,
986,65.3842,-147.5883,283,-,
987,65.3842,-147.5883,291,-,
988,65.3842,-147.5883,272,-,
989,65.3842,-147.5883,302,-,
990,65.3842,-147.5883,260,-,
991,65.3842,-147.5883,318,-,
992,65.3842,-147.5883,268,-,
993,65.3842,-147.5883,287,-,
994,65.3842,-147.5883,292,-,
995,65.3842,-147.5883,269,-,
996,65.3827,-147.5921,270,-,
997,65.3827,-147.5921,270,-,
998,65.3827,-147.5921,290,218,
999,65.3827,-147.5921,314,-,
"1,000",65.3827,-147.5921,290,-,
"1,001",65.3827,-147.5921,296,-,
"1,002",65.3814,-147.5913,270,-,
"1,003",65.3814,-147.5913,254,-,
"1,004",65.3814,-147.5913,285,-,
"1,005",65.3793,-147.5956,275,-,
"1,006",65.3793,-147.5956,254,-,
"1,007",65.3793,-147.5956,304,-,
"1,008",65.3793,-147.5956,268,-,
"1,009",65.3792,-147.5982,320,-,
"1,010",65.3792,-147.5982,285,-,
"1,011",65.3792,-147.5982,281,-,
"1,012",65.3792,-147.5982,261,-,
"1,013",65.3792,-147.5982,250,-,
"1,014",65.3798,-147.6018,274,-,
"1,015",65.3798,-147.6018,284,-,
"1,016",65.3798,-147.6018,282,-,
"1,017",65.3798,-147.6018,275,-,
"1,018",65.3798,-147.6018,332,-,
"1,019",65.3798,-147.6018,275,-,
"1,020",65.3798,-147.6018,319,-,
"1,021",65.3798,-147.6018,278,-,
"1,022",65.3802,-147.6056,316,170,
"1,023",65.3822,-147.6121,314,-,
"1,024",65.3846,-147.5739,257,-,
"1,025",65.3836,-147.5798,291,-,
"1,026",65.3836,-147.5798,258,-,
"1,027",65.3829,-147.5832,258,-,
"1,028",65.3829,-147.5832,284,-,
"1,029",65.3829,-147.5832,258,-,
"1,030",65.3829,-147.5832,291,-,
"1,031",65.3829,-147.5832,272,-,
"1,032",65.3829,-147.5832,289,-,
"1,033",65.3839,-147.5850,293,-,
"1,034",65.3839,-147.5850,283,-,
"1,035",65.3839,-147.5850,286,-,
"1,036",65.3839,-147.5850,264,-,
"1,037",65.3839,-147.5850,267,-,
"1,038",65.3839,-147.5850,299,-,
"1,039",65.3839,-147.5850,306,-,
"1,040",65.3839,-147.5850,294,-,
"1,041",65.3839,-147.5850,257,-,
"1,042",65.3836,-147.5914,253,-,
"1,043",65.3836,-147.5914,250,-,
"1,044",65.3836,-147.5914,260,-,
"1,045",65.3836,-147.5914,293,-,
"1,046",65.3836,-147.5914,294,-,
"1,047",65.3836,-147.5914,262,-,
"1,048",65.3836,-147.5914,270,-,
"1,049",65.3836,-147.5914,267,-,
"1,050",65.3836,-147.5914,279,-,
"1,051",65.3872,-147.5918,332,-,
"1,052",65.3872,-147.5918,264,-,
"1,053",65.3872,-147.5918,295,-,
"1,054",65.3872,-147.5918,285,-,
"1,055",65.3872,-147.5918,317,-,
"1,056",65.3872,-147.5918,303,-,
"1,057",65.3872,-147.5918,294,-,
"1,058",65.3872,-147.5918,284,-,
"1,059",65.3872,-147.5918,280,-,
"1,060",65.3872,-147.5918,275,-,
"1,061",65.3814,-147.5909,283,-,
"1,062",65.3814,-147.5909,278,-,
"1,063",65.3814,-147.5909,258,-,
"1,064",65.3814,-147.5909,324,-,
"1,065",65.3822,-147.5873,291,-,
"1,066",65.3822,-147.5873,266,-,
"1,067",65.3822,-147.5873,283,-,
"1,068",65.3822,-147.5873,252,-,
"1,069",65.3822,-147.5873,261,-,
"1,070",65.3800,-147.5978,250,-,
"1,071",65.3802,-147.6037,322,-,
"1,072",65.3802,-147.6037,308,-,
"1,073",65.3802,-147.6037,255,-,
"1,074",65.3802,-147.6037,301,-,
"1,075",65.3802,-147.6037,320,-,
"1,076",65.3802,-147.6037,261,-,
"1,077",65.3802,-147.6037,299,-,
"1,078",65.3802,-147.6037,361,-,
"1,079",65.3802,-147.6037,328,-,
"1,080",65.3802,-147.6037,299,-,
"1,081",65.3802,-147.6037,281,-,
"1,082",65.3770,-147.5273,265,-,
"1,083",65.3770,-147.5273,285,-,
"1,084",65.3800,-147.5303,300,-,
"1,085",65.3800,-147.5303,265,-,
"1,086",65.3814,-147.5360,291,-,
"1,087",65.3804,-147.5578,290,-,
"1,088",65.3804,-147.5578,281,-,
"1,089",65.3809,-147.5616,261,-,
"1,090",65.3809,-147.5616,255,-,
"1,091",65.3809,-147.5616,252,-,
"1,092",65.3809,-147.5616,265,-,
"1,093",65.3829,-147.5821,264,-,
"1,094",65.3829,-147.5821,279,-,
"1,095",65.3829,-147.5821,305,-,
"1,096",65.3825,-147.5977,272,-,
"1,097",65.3804,-147.6032,258,-,
"1,098",65.3804,-147.6032,260,-,
"1,099",65.3804,-147.6032,282,-,
"1,100",65.3804,-147.6032,250,-,
"1,101",65.3832,-147.6032,275,-,
"1,102",65.3832,-147.6032,255,-,
"1,103",65.3832,-147.6032,265,-,
"1,104",65.3832,-147.6032,282,-,
"1,105",65.3848,-147.6031,258,-,
"1,106",65.3848,-147.6031,264,-,
"1,107",65.3848,-147.6031,271,-,
"1,108",65.3827,-147.6139,251,-,
"1,109",65.3808,-147.6208,331,-,
"1,110",65.3808,-147.6208,276,-,
"1,111",65.3808,-147.6208,295,-,
"1,112",65.3780,-147.6239,310,-,
"1,113",65.3780,-147.6239,265,-,
"1,114",65.3780,-147.6239,280,-,
"1,115",65.3780,-147.6239,283,-,
"1,116",65.3759,-147.6348,250,-,
"1,117",65.3759,-147.6348,252,-,
"1,118",65.3759,-147.6348,250,-,
"1,119",65.3759,-147.6348,253,-,
"1,120",65.3759,-147.6348,280,-,
"1,121",65.3759,-147.6348,250,-,
"1,122",65.3759,-147.6348,296,-,
"1,123",65.3759,-147.6348,340,-,
"1,124",65.3760,-147.5216,280,-,
"1,125",65.3760,-147.5216,300,-,
"1,126",65.3760,-147.5216,281,-,
"1,127",65.3760,-147.5216,270,-,
"1,128",65.3760,-147.5216,266,-,
"1,129",65.3760,-147.5216,274,-,
"1,130",65.3760,-147.5216,275,-,
"1,131",65.3760,-147.5216,272,-,
"1,132",65.3760,-147.5216,254,-,
"1,133",65.3760,-147.5216,269,-,
"1,134",65.3760,-147.5216,255,-,
"1,135",65.3760,-147.5216,300,-,
"1,136",65.3760,-147.5216,270,-,
"1,137",65.3760,-147.5216,283,-,
"1,138",65.3760,-147.5216,260,-,
"1,139",65.3760,-147.5216,290,-,
"1,140",65.3760,-147.5216,297,-,
"1,141",65.3760,-147.5216,306,-,
"1,142",65.3760,-147.5216,272,-,
"1,143",65.3765,-147.5282,294,-,
"1,144",65.3765,-147.5282,264,-,
"1,145",65.3765,-147.5282,246,-,Fish is <250 mm.  Should we keep or toss since objective is at least 250 mm.  Thinking toss.  This is the only outlier.
"1,146",65.3765,-147.5282,259,-,
"1,147",65.3765,-147.5282,258,-,
"1,148",65.3765,-147.5282,250,-,
"1,149",65.3765,-147.5282,263,-,
"1,150",65.3765,-147.5282,283,-,
"1,151",65.3765,-147.5282,294,-,
"1,152",65.3765,-147.5282,290,-,
"1,153",65.3765,-147.5282,255,-,
"1,154",65.3765,-147.5282,266,-,
"1,155",65.3765,-147.5282,305,-,
"1,156",65.3784,-147.5306,302,-,
"1,157",65.3784,-147.5306,258,-,
"1,158",65.3784,-147.5306,296,-,
"1,159",65.3817,-147.5363,298,-,
"1,160",65.3817,-147.5363,321,-,
"1,161",65.3817,-147.5363,318,-,
"1,162",65.3817,-147.5363,293,-,
"1,163",65.3817,-147.5363,285,-,
"1,164",65.3817,-147.5363,289,-,
"1,165",65.3817,-147.5363,302,-,
"1,166",65.3801,-147.5551,309,-,
"1,167",65.3801,-147.5551,263,-,
"1,168",65.3801,-147.5551,284,-,
"1,169",65.3801,-147.5551,320,-,
"1,170",65.3801,-147.5551,286,-,
"1,171",65.3801,-147.5551,251,-,
"1,172",65.3801,-147.5551,273,-,
"1,173",65.3801,-147.5551,261,-,
"1,174",65.3801,-147.5551,297,-,
"1,175",65.3801,-147.5551,270,-,
"1,176",65.3801,-147.5551,277,-,
"1,177",65.3801,-147.5585,284,-,
"1,178",65.3801,-147.5585,310,-,
"1,179",65.3801,-147.5585,276,-,
"1,180",65.3801,-147.5585,255,-,
"1,181",65.3801,-147.5585,266,-,
"1,182",65.3801,-147.5585,326,-,
"1,183",65.3801,-147.5585,370,-,
"1,184",65.3801,-147.5585,291,-,
"1,185",65.3801,-147.5585,284,-,
"1,186",65.3801,-147.5585,261,-,
"1,187",65.3801,-147.5585,273,-,
"1,188",65.3813,-147.5639,284,-,
"1,189",65.3813,-147.5639,281,-,
"1,190",65.3813,-147.5639,273,-,
"1,191",65.3813,-147.5639,295,-,
"1,192",65.3813,-147.5639,261,-,
"1,193",65.3813,-147.5639,292,-,
"1,194",65.3839,-147.5707,302,-,
"1,195",65.3839,-147.5707,291,-,
"1,196",65.3839,-147.5707,316,-,
"1,197",65.3839,-147.5707,252,-,
"1,198",65.3839,-147.5707,301,-,
"1,199",65.3839,-147.5707,264,-,
"1,200",65.3760,-147.5216,309,-,
"1,201",65.3760,-147.5216,253,-,
"1,202",65.3760,-147.5216,257,-,
"1,203",65.3760,-147.5216,264,-,
"1,204",65.3760,-147.5216,259,-,
"1,205",65.3760,-147.5216,277,-,
"1,206",65.3760,-147.5216,303,-,
"1,207",65.3760,-147.5216,269,-,
"1,208",65.3760,-147.5216,292,-,
"1,209",65.3760,-147.5216,267,-,
"1,210",65.3760,-147.5216,296,-,
"1,211",65.3760,-147.5216,274,-,
"1,212",65.3760,-147.5216,261,-,
"1,213",65.3760,-147.5216,254,-,
"1,214",65.3760,-147.5216,263,-,
"1,215",65.3760,-147.5216,260,-,
"1,216",65.3760,-147.5216,285,-,
"1,217",65.3760,-147.5216,290,-,
"1,218",65.3760,-147.5216,251,-,
"1,219",65.3782,-147.5308,293,-,
"1,220",65.3782,-147.5308,308,-,
"1,221",65.3782,-147.5308,254,-,
"1,222",65.3816,-147.5362,252,-,
"1,223",65.3816,-147.5362,295,-,
"1,224",65.3816,-147.5362,258,-,
"1,225",65.3816,-147.5362,263,-,
"1,226",65.3816,-147.5362,255,-,
"1,227",65.3816,-147.5362,284,-,
"1,228",65.3816,-147.5362,255,-,
"1,229",65.3816,-147.5362,289,-,
"1,230",65.3801,-147.5550,261,-,
"1,231",65.3801,-147.5550,255,-,
"1,232",65.3801,-147.5550,274,-,
"1,233",65.3801,-147.5550,250,-,
"1,234",65.3801,-147.5550,263,-,
"1,235",65.3801,-147.5550,304,-,
"1,236",65.3801,-147.5550,251,-,
"1,237",65.3801,-147.5550,299,-,
"1,238",65.3801,-147.5550,269,-,
"1,239",65.3801,-147.5550,321,-,
"1,240",65.3801,-147.5550,282,-,
"1,241",65.3801,-147.5550,260,-,
"1,242",65.3801,-147.5550,310,-,
"1,243",65.3801,-147.5550,284,-,
"1,244",65.3806,-147.5590,262,-,
"1,245",65.3806,-147.5590,281,-,
"1,246",65.3806,-147.5590,298,-,
"1,247",65.3806,-147.5590,252,-,
"1,248",65.3806,-147.5590,274,-,
"1,249",65.3806,-147.5590,250,-,
"1,250",65.3813,-147.5639,293,-,
"1,251",65.3842,-147.5700,264,-,
"1,252",65.3842,-147.5700,313,-,
"1,253",65.3773,-147.6434,268,-,
"1,254",65.3777,-147.6556,295,-,
"1,255",65.3777,-147.6556,269,-,
"1,256",65.3777,-147.6556,291,-,
"1,257",65.3777,-147.6556,289,-,
"1,258",65.3777,-147.6556,356,-,
"1,259",65.3777,-147.6556,255,-,
"1,260",65.3777,-147.6556,251,-,
"1,261",65.3777,-147.6556,280,-,
"1,262",65.3779,-147.6587,255,211,
"1,263",65.3779,-147.6587,252,-,
"1,264",65.3779,-147.6587,280,-,
"1,265",65.3779,-147.6587,259,-,
"1,266",65.3779,-147.6587,272,-,
"1,267",65.3779,-147.6587,256,-,
"1,268",65.3779,-147.6610,263,214,
"1,269",65.3779,-147.6610,270,-,
"1,270",65.3779,-147.6610,270,358,
"1,271",65.3779,-147.6610,276,-,
"1,272",65.3779,-147.6610,281,-,
"1,273",65.3779,-147.6610,252,-,
"1,274",65.3779,-147.6610,330,-,
"1,275",65.3779,-147.6610,286,-,
"1,276",65.3779,-147.6610,255,-,
"1,277",65.3768,-147.6689,300,-,
"1,278",65.3785,-147.6845,271,-,
"1,279",65.3785,-147.6845,314,-,
"1,280",65.3785,-147.6845,288,-,
"1,281",65.3785,-147.6845,272,-,
"1,282",65.3785,-147.6845,279,-,
"1,283",65.3785,-147.6845,256,-,
"1,284",65.3800,-147.6936,290,-,
"1,285",65.3800,-147.6936,295,-,
"1,286",65.3800,-147.6936,295,Recap?,"Saw tag wound, but no fin clip.  I'd say toss."
"1,287",65.3778,-147.6574,272,-,
"1,288",65.3778,-147.6574,273,-,
"1,289",65.3778,-147.6574,252,-,
"1,290",65.3778,-147.6574,294,-,
"1,291",65.3769,-147.6750,251,-,
"1,292",65.3771,-147.6755,257,-,
"1,293",65.3771,-147.6755,298,-,
"1,294",65.3771,-147.6755,268,-,
"1,295",65.3771,-147.6755,267,-,
"1,296",65.3778,-147.6767,308,-,
"1,297",65.3793,-147.6848,257,-,
"1,298",65.3814,-147.6983,266,361,
"1,299",65.3814,-147.6983,274,-,
"1,300",65.3814,-147.6983,291,-,
"1,301",65.3814,-147.6983,258,-,
"1,302",65.3814,-147.6983,290,-,
"1,303",65.3795,-147.6587,250,-,
"1,304",65.3795,-147.6587,301,-,
"1,305",65.3795,-147.6587,266,-,
"1,306",65.3777,-147.6625,259,-,
"1,307",65.3793,-147.6853,290,-,
"1,308",65.3810,-147.6990,265,225,
"1,309",65.3814,-147.7029,265,-,
"1,310",65.3814,-147.7029,250,-,
"1,311",65.3814,-147.7029,251,-,
"1,312",65.3814,-147.7029,280,Recap,"No tag, but left fin clip, so a recapture"
"1,313",65.3814,-147.7029,285,-,
"1,314",65.3814,-147.7029,320,-,
"1,315",65.3814,-147.7029,261,-,
"1,316",65.3814,-147.7029,255,-,
"1,317",65.3814,-147.7029,262,-,
"1,318",65.3814,-147.7029,256,-,
"1,319",65.3817,-147.7094,260,-,
"1,320",65.3817,-147.7094,280,-,
"1,321",65.3817,-147.7094,285,-,
"1,322",65.3817,-147.7094,251,-,
"1,323",65.3817,-147.7094,252,-,
"1,324",65.3817,-147.7094,275,231,
"1,325",65.3817,-147.7094,263,-,
"1,326",65.3817,-147.7094,261,-,
"1,327",65.3795,-147.7245,259,-,
"1,328",65.3795,-147.7245,285,-,
"1,329",65.3795,-147.7245,263,-,
"1,330",65.3795,-147.7245,260,-,
"1,331",65.3795,-147.7245,252,-,
"1,332",65.3795,-147.7245,310,-,
"1,333",65.3795,-147.7245,254,-,
"1,334",65.3795,-147.7245,282,-,
"1,335",65.3795,-147.7245,310,232,
"1,336",65.3795,-147.7245,257,-,
"1,337",65.3795,-147.7245,253,-,
"1,338",65.3795,-147.7245,263,-,
"1,339",65.3795,-147.7245,281,-,
"1,340",65.3795,-147.7245,276,-,
"1,341",65.3795,-147.7245,266,-,
"1,342",65.3795,-147.7245,306,-,
"1,343",65.3795,-147.7245,283,-,
"1,344",65.3798,-147.7262,273,-,
"1,345",65.3798,-147.7262,285,-,
"1,346",65.3798,-147.7262,255,-,
"1,347",65.3795,-147.7268,297,-,
"1,348",65.3795,-147.7268,250,-,
"1,349",65.3794,-147.7333,250,-,
"1,350",65.3794,-147.7333,252,-,
"1,351",65.3794,-147.7333,280,-,
"1,352",65.3794,-147.7333,265,-,
"1,353",65.3794,-147.7333,315,241,
"1,354",65.3794,-147.7333,269,-,
"1,355",65.3794,-147.7333,280,-,
"1,356",65.3794,-147.7333,273,-,
"1,357",65.3794,-147.7333,281,-,
"1,358",65.3772,-147.7470,252,-,
"1,359",65.3772,-147.7470,300,-,
"1,360",65.3772,-147.7470,315,-,
"1,361",65.3772,-147.7470,272,-,
"1,362",65.3772,-147.7470,323,-,
"1,363",65.3772,-147.7470,331,-,
"1,364",65.3772,-147.7470,260,-,
"1,365",65.3772,-147.7470,290,-,
"1,366",65.3780,-147.7369,343,-,
"1,367",65.3780,-147.7369,294,-,
"1,368",65.3780,-147.7369,278,-,
"1,369",65.3780,-147.7369,310,-,
"1,370",65.3780,-147.7369,283,-,
"1,371",65.3780,-147.7369,286,-,
"1,372",65.3780,-147.7369,300,-,
"1,373",65.3756,-147.6340,283,-,
"1,374",65.3756,-147.6340,301,-,
"1,375",65.3756,-147.6340,272,-,
"1,376",65.3756,-147.6340,263,-,
"1,377",65.3756,-147.6340,278,-,
"1,378",65.3756,-147.6340,261,-,
"1,379",65.3779,-147.6380,253,-,
"1,380",65.3779,-147.6380,257,-,
"1,381",65.3779,-147.6380,296,-,
"1,382",65.3779,-147.6380,261,-,
"1,383",65.3779,-147.6380,294,-,
"1,384",65.3779,-147.6380,272,-,
"1,385",65.3779,-147.6380,301,-,
"1,386",65.3779,-147.6380,255,-,
"1,387",65.3779,-147.6380,312,-,
"1,388",65.3779,-147.6380,348,-,
"1,389",65.3779,-147.6380,286,-,
"1,390",65.3779,-147.6380,250,-,
"1,391",65.3777,-147.6392,289,-,
"1,392",65.3777,-147.6392,274,-,
"1,393",65.3777,-147.6392,269,-,
"1,394",65.3777,-147.6392,278,-,
"1,395",65.3777,-147.6392,255,-,
"1,396",65.3777,-147.6392,332,-,
"1,397",65.3777,-147.6392,261,-,
"1,398",65.3777,-147.6392,280,-,
"1,399",65.3777,-147.6392,291,-,
"1,400",65.3777,-147.6392,251,-,
"1,401",65.3777,-147.6392,279,-,
"1,402",65.3777,-147.6392,257,-,
"1,403",65.3777,-147.6392,260,-,
"1,404",65.3775,-147.6411,272,-,
"1,405",65.3775,-147.6411,269,-,
"1,406",65.3775,-147.6411,267,-,
"1,407",65.3775,-147.6411,256,-,
"1,408",65.3775,-147.6411,296,-,
"1,409",65.3775,-147.6411,262,-,
"1,410",65.3775,-147.6411,253,-,
"1,411",65.3768,-147.6484,300,-,
"1,412",65.3768,-147.6484,286,626,
"1,413",65.3768,-147.6484,295,-,
"1,414",65.3768,-147.6484,271,-,
"1,415",65.3768,-147.6484,291,-,
"1,416",65.3768,-147.6484,266,-,
"1,417",65.3768,-147.6484,282,-,
"1,418",65.3792,-147.6584,312,-,
"1,419",65.3792,-147.6584,324,-,
"1,420",65.3792,-147.6584,289,-,
"1,421",65.3792,-147.6584,274,-,
"1,422",65.3792,-147.6584,279,-,
"1,423",65.3792,-147.6584,292,-,
"1,424",65.3792,-147.6584,261,-,
"1,425",65.3792,-147.6584,262,-,
"1,426",65.3771,-147.7452,273,-,
"1,427",65.3771,-147.7452,283,-,
